"id_physique","tel_hash","mail_hash","code_action","date_maj_atd"
534720,,"5667b638681de840ccfd8ee1c995dab87364ed24","C","2017-06-03"
845030,"54402c22b16a74effc6071e8159fcbd59c7b4767","09c4bc42c3630c9d50af18a805aea138d061dc3e","C","2017-06-03"
2134020,,"8a746ff299b830c0685fe6de1592402357eca7ae","C","2017-06-03"
10131466,"46743b363788421e66cef4385d5446d98fa61950","8f9cbfaf71837409fa6fb443bf4ab145e2113d37","C","2017-06-03"
10133653,"884a0d5f88a97cade5533a4fa10b2c49de3caa58",,"M","2017-06-03"
10151164,,"634e4cd04ffbd5dc4c8da6246d707d2264987d72","C","2017-06-03"
10151167,,"ce283c439619f0eb17a7ebf53669af9a1c7bb07e","C","2017-06-03"
10151170,,"86d4e49912dc61f3610e857efa3458e101545b57","C","2017-06-03"
10151173,,"5239d52050e42986e3f7fe2500b9185596222e51","C","2017-06-03"
10151176,,"0cef8177b6753d90fccdb8deaed1b65800cdb327","C","2017-06-03"
10151193,,"77f56fadf6db619751e004b27c0555e0dde62541","C","2017-06-03"
10151194,,"2f16ee730d73e7388dbf77bfaa88eb23528b7554","C","2017-06-03"
10151195,,"905a6e47fbd21ceabcf412661834b611c817378c","C","2017-06-03"
10151201,,"d9eeccb3b1b03448a399eb74d61e7eac9b9a9504","C","2017-06-03"
10151204,,"d7460c647451d5546b57695f6d831f2bba59363c","C","2017-06-03"
10151208,,"8be29bdd2419df43a1f3e175987461405b63170a","C","2017-06-03"
10151231,,"b7553924c9cc0a99b2eb5e1ece3875277d6dc7b6","C","2017-06-03"
10151239,,"e1cffee69bb3c67df9aae4bd06f9d18e501ddc26","C","2017-06-03"
10151242,,"515b9c8ce19faa3cd16c337c74394833d0a66018","C","2017-06-03"
10151246,,"e8d09a4040a2e6d1ad5625572b643697a44099e6","C","2017-06-03"
10151247,"7bb2793d313a199789b8fa4ed1132cffecd0aae0","168c4a015812fe0ef405609d59b597b4868bbcdc","C","2017-06-03"
10151253,,"0e8168163cb4758c610cbc6ea5b817d58bd53200","C","2017-06-03"
10151262,,"3f1e7c3a1f1cc22dec6225178663f8b3f79c8c9c","C","2017-06-03"
10151272,,"7a56dd221ddca95e93185abae8cec02c0706ade2","C","2017-06-03"
10151275,,"6ea193bce5ad848bbae8601ec223d0491195d59f","C","2017-06-03"
10151278,,"2900e1eef50fdfe4bd97ae74501c2ec173668904","C","2017-06-03"
10151294,,"9780496fdc64e16c76993257767596ff31ee8f69","C","2017-06-03"
10151295,,"a8e6aea2b4d99e32108153e9c8d85e937586b4ed","C","2017-06-03"
10151305,,"1cea8a389da83fd84a0afbbedc7d61f66cd614f4","C","2017-06-03"
10151311,,"d25e5710df91d41eb0d36dba36ba10c13bcf435c","C","2017-06-03"
10151322,,"6f869dcb3c2c093c7f701b1e611f9fb510954629","C","2017-06-03"
10151356,,"ab518dc6ab925f7fb17eeeb731f42e99ce73978e","C","2017-06-03"
10151358,,"d40f4bbdb4e33f392acb54bf339e1fb480e4e3b4","C","2017-06-03"
10151366,,"7a2ca5972e30f91d0e648a3dfe1471c83b97f31a","C","2017-06-03"
10151379,,"dd5bb10dc4182ad78c91c2497919c9173c9f0fd7","C","2017-06-03"
